component_parent_name,component_hub_id,count
node-concat-map,97d28f7a-cd36-43a3-852d-671af4f14041,197
safe-buffer,4fe0a49d-954b-4e9d-aa2b-ef7c16385b38,195
isaacs/once,a7fabb15-7ef2-4d0b-886f-4910b22076c3,194
util-deprecate,a12ebbc1-7d1b-4bd4-bf7c-3ac986935752,193
escape-string-regexp,806418ca-31d7-4c4a-b894-e3b3b9b562bc,188
ms.js,36cb81b8-10ef-4223-ac3e-1ad33244d3fa,188
Visionmedia Debug,311cd3ac-8ee5-4020-af4d-ac4aa070b4fa,188
nodejs/string_decoder,71d21003-58de-4111-a799-c9f47160b7d7,184
function-bind,14d73ddd-01dc-4a56-89cb-9bd8629119bb,181
sindresorhus/supports-color,e12590cf-ba2c-46e1-b047-aa5794025b96,179
asynckit,43342b9f-3356-4797-9722-ee80bf3cd217,176
Punycode.js,d2a5d612-5215-4b64-a9f3-88b94570677b,176
json-schema-traverse,e74ac44e-e13d-4ddb-a929-cdc8f5ced82f,174
Qix-/color-convert,46ac7f84-07df-4544-bcfb-5a75dd35d485,174
ansi-styles,076b8cff-cc76-48d5-96f4-e7241d3d29d9,170
node-semver,be118bd1-808c-48e1-a836-e97b7b5c67b2,169
inherits,d481a553-a8e0-47ec-8c86-268ef4d2ac6f,169
js-tokens,31020f5f-3a29-41fc-94dc-cf401ac34d39,167
sprintf.js,82e262be-5308-4abe-ac2f-feca7f312ef5,166
minimist,5c9476fd-5f82-4a31-bb81-e549abf8cec0,165
define-properties,7cbbff68-4aeb-4428-a33a-f7f85a58543c,165
iconv-lite,94bfe3df-c0a0-4b94-8834-4e3557203750,163
object-keys,7ac9bd39-f9f2-4dab-bf7f-d54e3a0a0682,163
inherits,d481a553-a8e0-47ec-8c86-268ef4d2ac6f,160
process-nextick-args,3e0bb186-baf9-4573-8aa8-0ab84a7d5a53,159
normalize-path,e0e219d7-d451-40bd-bc3a-dcd03c85f0c6,158
ee-first,6a87348b-8141-460c-9ddd-63577c1456ef,157
node-semver,be118bd1-808c-48e1-a836-e97b7b5c67b2,156
mime,5ee678c4-0578-4756-ac44-7ec95d1b6ab2,156
get-caller-file,2b60d1f1-2b13-4e98-aca4-322c9ea29647,156
on-finished,56d5984a-bb2d-47af-a9b3-d4e8848c2dac,155
object-assign,858b749a-cf94-4a41-ac91-540fc6c6078d,154
minimatch,213461e4-29a5-4b35-b33c-d7f122dffd1f,154
request/tunnel-agent,8249c272-e129-456e-a89e-cb62cd1ea01a,154
node-assert-plus,5b2caa57-14bf-4cce-a021-2375c1102dde,154
node-dashdash,746ae07f-e3c2-47b4-af3d-4dd698eec42d,153
brace-expansion,359c18ec-ccec-40f9-8a12-2190783a4e22,153
source-map,01b9c158-0cbb-47b1-be28-735c4d9ad393,153
forever-agent,85635bfe-24a5-476e-a2c8-028edb66fe00,153
encodeurl,9465fd06-37fd-4b60-9c12-c8db9cb1d960,152
node-getpass,c59502a5-37bc-46e8-99f9-e179ece23c34,152
color-name,68b85420-e2ba-4f55-96e5-05836e663a21,151
readable-stream,009857b7-cc33-4192-bf97-bcfe47025828,151
source-map,01b9c158-0cbb-47b1-be28-735c4d9ad393,151
mikeal/aws-sign,47fad39d-4c0e-43a1-ae39-ad74445d5200,150
to-fast-properties,e37023a6-1616-4bdd-95ee-872db277c241,150
readable-stream,009857b7-cc33-4192-bf97-bcfe47025828,150
jshttp/fresh,968c0bb8-b3f1-45aa-aa66-11a21ca933d1,150
node-http-signature,11173b65-d043-40ca-9e4c-41974bdd2155,150
Punycode.js,d2a5d612-5215-4b64-a9f3-88b94570677b,149
kind-of,28f44dd4-c088-4bb1-850c-de761d26aefb,149
fill-range,5a4dc4ef-962f-40e7-9ec2-34f999771171,149
is-number,464f1ad5-5e53-4827-aea5-78b651105f4d,149
define-property,fcf508be-9322-476d-8db6-59706efdf305,147
atob,0dcd2ee1-33da-41ad-a314-9f32649f9efd,146
Qix-/color-convert,46ac7f84-07df-4544-bcfb-5a75dd35d485,146
Gozala/querystring,a1072e2d-2e7c-443e-be17-9fa8474a31bd,146
jshttp/content-type,c0a9413d-880a-40e3-b13c-da9916762199,146
mikeal/oauth-sign,ec46a1fc-9f61-475b-b05b-b21c9067d069,145
is-plain-object,7a25af1c-440a-47cc-a0e8-caf82191ce2c,145
node-cookie-signature,053bc7ed-7d9f-4b85-a918-719ec047bfc1,145
define-property,fcf508be-9322-476d-8db6-59706efdf305,142
mafintosh/pump,57194207-0e37-49ef-9fd5-6b1a9ebc693b,142
micromatch,fc0a76fe-70a4-4afa-9a94-c3c22d63454f,142
fast-json-stable-stringify,ffa6e05c-21eb-40a5-9027-dffc5322b4dc,142
number-is-nan,36981f51-1c82-488c-b9b1-765122450c45,142
is-descriptor,1f67f28e-2288-44ee-92ed-3b0d74b34616,141
for-in,f052ad7b-ee15-489d-8f50-62f1647f2ea9,141
os-tmpdir,287dfcc8-664c-46c8-a579-f4bfaa41edfd,141
is-accessor-descriptor,0983c774-8188-4019-ab02-0cb673b05531,141
is-buffer,ef2c5d71-254e-42d4-af20-fb145932db21,140
is-number,464f1ad5-5e53-4827-aea5-78b651105f4d,140
path-key,67f6bf10-89ea-4e7e-b3dd-56989d558c7e,140
fill-range,5a4dc4ef-962f-40e7-9ec2-34f999771171,140
nodejs Deprecate,cbbfee74-f159-4c42-9a07-544cf3bfa0bd,140
range-parser,d8c54407-5aad-4f40-9ff0-f11062f8c81e,140
safe-buffer,4fe0a49d-954b-4e9d-aa2b-ef7c16385b38,139
snapdragon-util,e6358cd1-2c66-45bf-8248-523cc40c32af,139
is-accessor-descriptor,0983c774-8188-4019-ab02-0cb673b05531,139
kind-of,28f44dd4-c088-4bb1-850c-de761d26aefb,139
pascalcase,d7d75419-a50f-4445-8b3c-274be0230d42,139
is-descriptor,1f67f28e-2288-44ee-92ed-3b0d74b34616,139
expand-brackets,fa123830-092e-45bb-9647-79fecb0c53c0,139
extglob,539e10da-84c5-4200-bd56-831a70d06e3d,139
collection-visit,48e3eb47-3b10-4611-aa01-350b66c500ac,138
array-unique,e9dbeb5d-db01-4be8-bbb4-76206d1eaf6d,138
extend,fe2172ff-2478-4649-b35e-185de54a60d0,138
arr-union,11307bab-8efa-402e-b7db-157cec761c16,137
safe-regex,d7c1dd7e-7503-46f3-9cb4-7243d5e8ae82,136
code-point-at,fc22b505-509b-42b4-8959-1c6d48af0943,136
end-of-stream,1ca0931e-0100-4e89-8b83-47a0a49574c2,136
p-locate,ed5c945e-540b-48ee-82c8-3cd0c2269ddb,135
locate-path,dfe93e80-5ef3-4e7e-b5d6-4e564639333a,135
jsesc,6d686390-ef7b-4aad-b3d9-fe390486e97b,134
string-width,62093f41-55ce-46db-ba50-be53b9d4308f,134
node-mkdirp,e264bf55-1def-40d7-bd57-661762065c64,134
sindresorhus/supports-color,e12590cf-ba2c-46e1-b047-aa5794025b96,134
json-stringify-safe,ee56d97a-15a1-42df-952e-2fa23e339e41,134
repeat-string,cdea51f0-3c88-4b5c-b2ed-b7b9dbb1153c,133
kind-of,28f44dd4-c088-4bb1-850c-de761d26aefb,133
normalize-package-data,5da5959b-edeb-49db-8b3b-40033c7310df,133
floatdrop/pinkie,5d0a6086-98ea-42a9-bbf6-57799b413a7f,133
emoji-regex,149d48ae-40a2-4e45-a0a5-f0ba3d7db32b,133
fast-levenshtein,8790e074-52f9-48ae-997b-9831933af540,133
qs -  QS Querystring,d7e6f01b-4967-48fc-8d07-c2fd547bc6c4,133
ms.js,36cb81b8-10ef-4223-ac3e-1ad33244d3fa,132
ansi-regex,8d080f9e-677a-4203-b72d-1edf330e5a1c,132
get-value,c7b103e7-5842-47fe-8848-242c2a6d63db,132
node-commondir,abcefe81-7284-496e-9a36-e295ab812f8e,131
Punycode.js,d2a5d612-5215-4b64-a9f3-88b94570677b,131
expressjs/accepts,a685c816-8e5f-455d-9ac6-edd43d346706,131
find-up,ec9013c8-794f-4830-a1c2-408d1da4dd03,130
use,00068fb2-e3c4-4c57-859c-11412776e87c,129
node-uuid,dc30973b-8e97-4eb2-87c0-3ff25087f6a7,129
concat-stream,bd58de5e-858e-4364-a7ad-7f85518318de,129
has-ansi,f7553ebe-885d-4df2-8e0f-06687b5fa64b,128
jsesc,6d686390-ef7b-4aad-b3d9-fe390486e97b,128
balanced-match,1f4b101f-29c7-4b48-afbf-7f0d47927748,127
pillarjs/parseurl,b3b33173-4d1d-4b71-b154-58aad7a19719,126
p-locate,ed5c945e-540b-48ee-82c8-3cd0c2269ddb,125
micromatch/braces,34b0d62d-0d29-4007-8673-b94e1d8ee5d9,125
locate-path,dfe93e80-5ef3-4e7e-b5d6-4e564639333a,125
string-width,62093f41-55ce-46db-ba50-be53b9d4308f,125
is-binary-path,058be7ad-2fff-4248-b92e-8747677a490c,124
node-ip,1dc0393b-0f60-4915-8a51-01e430c6ad19,124
ansi-styles,076b8cff-cc76-48d5-96f4-e7241d3d29d9,124
tough-cookie,aaafa54d-8cf5-4c74-9554-20756773f149,124
string-width,62093f41-55ce-46db-ba50-be53b9d4308f,124
json5,f51003ef-632b-483e-ad08-c499934a9edc,124
node-cross-spawn,d9a445ba-08b2-42ad-bf08-3a0e9d6371a6,124
mixin-deep,99e87c8c-8b71-4f75-9a56-66935490f7dd,123
levn,15e06d30-55ae-461a-adaa-a1bfb6c7c02d,123
find-up,ec9013c8-794f-4830-a1c2-408d1da4dd03,121
node-lru-cache,c18bb28a-cb6d-418a-98ee-af360456299f,121
Merge-Stream,4d303b51-21da-45fe-ad69-4985fd638851,120
kind-of,28f44dd4-c088-4bb1-850c-de761d26aefb,120
co,9431187a-b4a5-445f-b7a2-24dd829fbb4a,119
node-process,ac3fd180-411a-4875-9449-ade244e5cfdc,118
sindresorhus/supports-color,e12590cf-ba2c-46e1-b047-aa5794025b96,118
whitequark/ipaddr.js,4fe6e9f1-6df2-4d57-99b1-44ac7acc34fe,118
glob-parent,f10c3953-445e-4dce-a5e1-8f5b1934fb6d,118
path-dirname,70fdf337-f32f-49b7-9ea3-8d8f0ff26191,118
big.js,458e4bcf-c40a-49e7-ada1-32b90ca39056,117
through2,277a3a5b-f904-4e00-a2a2-e3048bb487e5,116
strip-bom,ed333198-de79-45b7-ae7a-0f99a59b1ca6,116
has-unicode,160bea44-475b-43b3-a3e2-846e390529e6,116
readdirp,d9eca8f2-4fd6-4c82-941f-ca6a7d92b130,116
prr,9ce4c2b1-c31e-409c-a19b-87e97b5acf36,115
array-flatten,e274a81c-d1f2-4913-9339-3a56952149ec,115
os-homedir,b803d6be-7c51-491a-969c-3f7cbfa0405e,114
array-uniq,83bec768-0843-4e82-a9ea-851441043c80,113
tweetnacl-js,f0be297a-e27c-46bb-9620-ad37dd74c311,112
get-stream,86119d37-521a-4de9-8ddf-d29be4766a15,111
jsbn,7624a17a-ba5d-4811-aa4b-fc52ce53e69a,110
rimraf,7f3b2872-d0ed-4bf9-a686-33066e14d1c4,110
callsites,4137d1da-aa46-490a-aa4b-8b54603248ee,110
Visionmedia Debug,311cd3ac-8ee5-4020-af4d-ac4aa070b4fa,110
map-cache,884fcbe2-2a4f-4148-9c53-78f33a9ca4a1,110
ms.js,36cb81b8-10ef-4223-ac3e-1ad33244d3fa,109
isstream,5144e2dc-46ab-4ec8-ad19-23da04d0e0d9,109
anymatch,e9fb3104-bffe-4718-9fe4-2f49ba7075b4,109
setprototypeof,298b5495-1523-4f03-8d44-25492b31394b,109
base64-js,fe419850-a90e-4d1c-be3c-8f89c78571c0,109
sindresorhus/slash,1dca7d1f-02fa-48bc-96a2-fe93db3e38a3,108
optionator,c5bd6ba0-e308-4493-a7e9-82507b40b213,108
Esprima,930ff051-071e-42df-8486-a96100d2f071,108
binary-extensions,3fa2abd2-94f5-45c1-9af9-b50a539711bd,107
invariant,fdcfa95d-0e0c-4d4e-aa72-e45bffe8b89b,107
async-each,f530eb3e-5a33-4d53-8270-6db0c927447d,106
Visionmedia Debug,311cd3ac-8ee5-4020-af4d-ac4aa070b4fa,106
setprototypeof,298b5495-1523-4f03-8d44-25492b31394b,106
path-to-regexp,bc16e4d7-83e6-4e1a-82a4-9d19cc477527,105
ansi-styles,076b8cff-cc76-48d5-96f4-e7241d3d29d9,105
node-lru-cache,c18bb28a-cb6d-418a-98ee-af360456299f,105
array-union,670a8fee-bb49-46af-97e9-82a459d704ee,105
node-mkdirp,e264bf55-1def-40d7-bd57-661762065c64,104
http-errors,0c07f246-6fb8-4785-87f1-0a8c5a601125,104
Node Cookie Parser,4e173a8d-0264-4691-8894-7e358365b659,104
glob-parent,f10c3953-445e-4dce-a5e1-8f5b1934fb6d,104
iarna/gauge,5836f110-9f55-4829-8381-4e2efbc35a05,104
mafintosh/pump,57194207-0e37-49ef-9fd5-6b1a9ebc693b,104
micromatch/braces,34b0d62d-0d29-4007-8673-b94e1d8ee5d9,103
source-map-resolve,7c06c22f-0cd3-4404-ba3b-8c11d11288a6,103
source-list-map,79fbb385-989f-4ed9-8588-942b73eb3501,103
npmlog,01e1511b-c1ef-45cd-be5d-4b81faf05dec,103
buffer-xor,d35f470b-6e99-4070-a13e-f2ba5f941218,103
node-deep-equal,fae07f81-ffee-4168-bd45-e7caa8b5e60b,102
chownr,a0d5c298-9bcc-43fa-9042-3a6ca1b603e3,102
normalize-path,e0e219d7-d451-40bd-bc3a-dcd03c85f0c6,102
node-progress,b9d3bd2c-f589-4c55-9e3c-9a4306a4ea18,102
node-jsonfile,6a3d6da9-6114-44b9-85fb-6572f84d7975,102
content-disposition,8cf62651-accc-4a09-9729-d6334ee20e6b,102
node-lru-cache,c18bb28a-cb6d-418a-98ee-af360456299f,101
binary-extensions,3fa2abd2-94f5-45c1-9af9-b50a539711bd,101
sindresorhus/globals,97d65563-d14d-4b30-bb08-ed871fd3fdc7,101
qs -  QS Querystring,d7e6f01b-4967-48fc-8d07-c2fd547bc6c4,101
miller-rabin,70307e11-7573-4e40-b847-74f9baa92a81,101
from2,dd4ff9a6-4303-4b65-b88d-22a0abb2be4a,101
map-visit,fd09a456-2479-4752-89a6-f9c021db5a3d,100
ansi-regex,8d080f9e-677a-4203-b72d-1edf330e5a1c,100
http-errors,0c07f246-6fb8-4785-87f1-0a8c5a601125,100
parse-json,4ebff1b2-f718-4669-8506-f07104adb5ef,99
is-binary-path,058be7ad-2fff-4248-b92e-8747677a490c,99
mathiasbynens/he,ed577598-7ce6-4576-b468-e6d97125e951,99
arr-flatten,292f3d12-fe11-45b6-9af0-dbb621ae12bf,99
locate-path,dfe93e80-5ef3-4e7e-b5d6-4e564639333a,99
path-key,67f6bf10-89ea-4e7e-b3dd-56989d558c7e,99
p-locate,ed5c945e-540b-48ee-82c8-3cd0c2269ddb,99
sindresorhus/onetime,2891b407-c228-44fa-99fe-2fe8dc084ac1,98
define-property,fcf508be-9322-476d-8db6-59706efdf305,98
osenv,9803cf8d-4af1-459f-af84-ac6d87277447,98
node-cross-spawn,d9a445ba-08b2-42ad-bf08-3a0e9d6371a6,98
aws4,c567ea1a-98d7-4204-9d20-fe15267ad4e4,98
sha.js,b6332912-b60f-4a37-9d4d-3f5bcf9ac521,98
setImmediate,76382669-2a21-4ca6-ae87-11de11a27d00,98
cliui,0284f5a9-3409-4425-a23a-a0ebab9a922e,97
indent-string,fadf4f80-0e5f-416a-81eb-e477af37ff49,97
memory-fs,c7d342e7-8b33-4387-ab7c-ef8c84f459a3,97
pumpify,f145a46a-b0b4-495c-b738-e7d821fa5fa1,97
prelude-ls,95c7278e-0c3c-4e0b-aa8a-01e955e0b2b1,96
domain-browser,c38138b5-0010-4f3f-bffb-80568ff57d2c,95
nodejs/string_decoder,71d21003-58de-4111-a799-c9f47160b7d7,95
find-up,ec9013c8-794f-4830-a1c2-408d1da4dd03,95
arrify,81b0e7be-de5b-47a2-96de-9a54379957a5,95
browserify-aes,dcac61ad-6cfc-4e83-8e4d-ffc68d1a8ff5,94
prepend-http,2c44ec31-e956-43af-b2a1-4c3704471f76,94
wrap-ansi,9dde2032-b050-4a98-b6bd-0b2830fe69f7,94
browserify-zlib,01a11fd4-5e27-4435-aa93-4fc5ec7f2ce6,94
upath,0b4810cc-4c22-4579-9667-bffba668562b,94
duplexify,31f56973-951e-4e08-9781-2f66d8499585,94
source-map,01b9c158-0cbb-47b1-be28-735c4d9ad393,93
visionmedia/batch,f700feca-9682-47e4-9743-0432173c1c5c,93
array-union,670a8fee-bb49-46af-97e9-82a459d704ee,93
node-semver,be118bd1-808c-48e1-a836-e97b7b5c67b2,93
sindresorhus/supports-color,e12590cf-ba2c-46e1-b047-aa5794025b96,92
JS-YAML. Native JS port of PyYAML.,a8c1201e-b916-4252-8d6f-8115b179cb0e,92
hpack.js,07813594-9791-4605-84e1-c83e7669eaaa,91
multicast-dns-service-types,2e5d214c-82fb-48b5-8f90-0160ce54f72c,91
node-semver,be118bd1-808c-48e1-a836-e97b7b5c67b2,89
multicast-dns,362ee5e7-7e20-43a2-8f46-364e8c51e1d2,88
node-worker-farm,76068fa8-a16c-4747-925f-09ba9a591b43,88
serve-static,d277ad73-ebf7-44dc-bf3c-7bcac2d3c35d,88
is-path-cwd,2a25205a-85b6-42ed-9f46-f41958872d5a,88
estraverse,9d73c140-8cfb-4a09-9d87-48865d8a04cf,88
stream-http,bcf8fd05-37a6-44a2-b6cd-dd94c7be67b6,88
node-libs-browser,72960ba5-535f-4fd8-b326-d450cb71f063,88
p-map,8c15d1f0-4c44-46a2-8fc3-208b2d8e5e99,87
nodeca/pako,e2d218cb-cae2-42a4-98e9-eb2ee026bf10,87
emoji-regex,149d48ae-40a2-4e45-a0a5-f0ba3d7db32b,87
type-check,ca877bff-ee1b-46a3-941b-5d0e58c7dbb6,86